{
    "name": "root",
    "gauges": {
        "SoccerTwos.Policy.Entropy.mean": {
            "value": 3.2957537174224854,
            "min": 3.2957537174224854,
            "max": 3.2957558631896973,
            "count": 2
        },
        "SoccerTwos.Policy.Entropy.sum": {
            "value": 52732.05859375,
            "min": 52732.05859375,
            "max": 79098.140625,
            "count": 2
        },
        "SoccerTwos.Environment.EpisodeLength.mean": {
            "value": 999.0,
            "min": 999.0,
            "max": 999.0,
            "count": 2
        },
        "SoccerTwos.Environment.EpisodeLength.sum": {
            "value": 15984.0,
            "min": 15984.0,
            "max": 23976.0,
            "count": 2
        },
        "SoccerTwos.Step.mean": {
            "value": 19000.0,
            "min": 9000.0,
            "max": 19000.0,
            "count": 2
        },
        "SoccerTwos.Step.sum": {
            "value": 19000.0,
            "min": 9000.0,
            "max": 19000.0,
            "count": 2
        },
        "SoccerTwos.Policy.ExtrinsicBaselineEstimate.mean": {
            "value": -0.032675135880708694,
            "min": -0.032675135880708694,
            "max": -0.03267168253660202,
            "count": 2
        },
        "SoccerTwos.Policy.ExtrinsicBaselineEstimate.sum": {
            "value": -0.32675135135650635,
            "min": -0.32675135135650635,
            "max": -0.2940451502799988,
            "count": 2
        },
        "SoccerTwos.Policy.ExtrinsicValueEstimate.mean": {
            "value": -0.03269662335515022,
            "min": -0.03269939497113228,
            "max": -0.03269662335515022,
            "count": 2
        },
        "SoccerTwos.Policy.ExtrinsicValueEstimate.sum": {
            "value": -0.32696622610092163,
            "min": -0.32696622610092163,
            "max": -0.2942945659160614,
            "count": 2
        },
        "SoccerTwos.Environment.CumulativeReward.mean": {
            "value": 750.3100036621094,
            "min": 656.4666748046875,
            "max": 750.3100036621094,
            "count": 2
        },
        "SoccerTwos.Environment.CumulativeReward.sum": {
            "value": 7503.100036621094,
            "min": 5908.2000732421875,
            "max": 7503.100036621094,
            "count": 2
        },
        "SoccerTwos.Policy.ExtrinsicReward.mean": {
            "value": 3013.0401123046877,
            "min": 2610.8222927517363,
            "max": 3013.0401123046877,
            "count": 2
        },
        "SoccerTwos.Policy.ExtrinsicReward.sum": {
            "value": 30130.401123046875,
            "min": 23497.400634765625,
            "max": 30130.401123046875,
            "count": 2
        },
        "SoccerTwos.Environment.GroupCumulativeReward.mean": {
            "value": 0.0,
            "min": 0.0,
            "max": 0.0,
            "count": 2
        },
        "SoccerTwos.Environment.GroupCumulativeReward.sum": {
            "value": 0.0,
            "min": 0.0,
            "max": 0.0,
            "count": 2
        },
        "SoccerTwos.IsTraining.mean": {
            "value": 1.0,
            "min": 1.0,
            "max": 1.0,
            "count": 2
        },
        "SoccerTwos.IsTraining.sum": {
            "value": 1.0,
            "min": 1.0,
            "max": 1.0,
            "count": 2
        }
    },
    "metadata": {
        "timer_format_version": "0.1.0",
        "start_time_seconds": "1740671360",
        "python_version": "3.10.12 | packaged by Anaconda, Inc. | (main, Jul  5 2023, 19:01:18) [MSC v.1916 64 bit (AMD64)]",
        "command_line_arguments": "C:\\Users\\Awacs\\miniconda3\\envs\\mlagents\\Scripts\\mlagents-learn config/poca/SoccerTwos.yaml --torch-device cuda --run-id=FirstRunWithModifiedRays",
        "mlagents_version": "1.1.0",
        "mlagents_envs_version": "1.1.0",
        "communication_protocol_version": "1.5.0",
        "pytorch_version": "2.2.2+cu121",
        "numpy_version": "1.23.5",
        "end_time_seconds": "1740671634"
    },
    "total": 274.35830610000994,
    "count": 1,
    "self": 0.012664900001254864,
    "children": {
        "run_training.setup": {
            "total": 0.12001440000312869,
            "count": 1,
            "self": 0.12001440000312869
        },
        "TrainerController.start_learning": {
            "total": 274.22562680000556,
            "count": 1,
            "self": 0.17075660050613806,
            "children": {
                "TrainerController._reset_env": {
                    "total": 11.590058800007682,
                    "count": 1,
                    "self": 11.590058800007682
                },
                "TrainerController.advance": {
                    "total": 261.64662109948404,
                    "count": 7921,
                    "self": 0.17620999792416114,
                    "children": {
                        "env_step": {
                            "total": 247.06741720029095,
                            "count": 7921,
                            "self": 142.03977630194277,
                            "children": {
                                "SubprocessEnvManager._take_step": {
                                    "total": 104.91910729948722,
                                    "count": 7921,
                                    "self": 0.9938213000714313,
                                    "children": {
                                        "TorchPolicy.evaluate": {
                                            "total": 103.92528599941579,
                                            "count": 15842,
                                            "self": 103.92528599941579
                                        }
                                    }
                                },
                                "workers": {
                                    "total": 0.10853359886095859,
                                    "count": 7920,
                                    "self": 0.0,
                                    "children": {
                                        "worker_root": {
                                            "total": 199.8872657999018,
                                            "count": 7920,
                                            "is_parallel": true,
                                            "self": 135.46948939897993,
                                            "children": {
                                                "steps_from_proto": {
                                                    "total": 0.001381299996864982,
                                                    "count": 2,
                                                    "is_parallel": true,
                                                    "self": 0.0005341999931260943,
                                                    "children": {
                                                        "_process_rank_one_or_two_observation": {
                                                            "total": 0.0008471000037388876,
                                                            "count": 8,
                                                            "is_parallel": true,
                                                            "self": 0.0008471000037388876
                                                        }
                                                    }
                                                },
                                                "UnityEnvironment.step": {
                                                    "total": 64.416395100925,
                                                    "count": 7920,
                                                    "is_parallel": true,
                                                    "self": 2.3362896991166053,